{
  "lang": "zh-CN",
  "langs": "简体中文",
  "title": "明陞M88电竞 | 亚洲最佳上线娱乐",

  "register": "REGISTER",

  "banner-h1": "明陞M88电竞<br> 亚洲最佳上线娱乐",

  "join": "立即加入",
  "join-link": "https://affm5688.com/_KIygtkxEAq1WjObZuhu7lGNd7ZgqdRLk/5/",

  "promos": "优惠",

  "discord-link": "https://discord.gg/M88esports",
  "facebook-link": "https://facebook.com/m88esports",
  "instagram-link": "https://instagram.com/m88esports",
  "twitter-link": "https://twitter.com/m88esports",
  "youtube-link": "https://www.youtube.com/channel/UCJ--uQjvxtUh21dT0H7sMKQ",
  "twitch-link": "https://twitch.tv/m88esports",

  "discord-img": "../assets/img/footer/discord.svg",
  "facebook-img": "../assets/img/footer/facebook.svg",
  "instagram-img": "../assets/img/footer/instagram.svg",
  "twitter-img": "../assets/img/footer/twitter.svg",
  "youtube-img": "../assets/img/footer/youtube.svg",
  "twitch-img": "../assets/img/footer/twitch.svg",

  "responsible": "M88.com一直致力支持 <a href='https://help.m88.com/responsible-gaming/responsibleGaming.zh-CN.asp' target='_blank'>责任博彩</a>"
}
