{
	"langs":"Japan (USD)",
	"link-m88":"<a href=\"https://m88.com/?lang=ja-JP\"><img class=\"desk-header\" src=\"assets/images/mlogo-desktop.svg\" alt=\"M88, LaLiga logos\" /><img class=\"mobi-header\" src=\"assets/images/mlogo-mobile.svg\" alt=\"M88, LaLiga logos\" /></a>",
	"login": "LOGIN",
	"join": "JOIN NOW",
	"play": "PLAY NOW",
	"claim-now": "今すぐ参加",
	"claim": "今すぐ参加",
	"claim-now-msports":"Msports",
	"claim-now-default":"今すぐ参加",
	"cta-default":"https://record.sun988info.com/_IJCCY9bDLhleSeUTkJsCumNd7ZgqdRLk/1/",
	"cta-msports":"",
	"cta-hcasino":"",
	"claim-now-casino":"Casino",
	"tnc": "規約と条件",
	"tnc2": "プロモーションの一般利用規約",
	"tile-btn":"Go Now",
		
	"title": "あなたと あなたのお友達に無制限ボーナス！",	
	
	"txt1": "あなたと、<br/> あなたのお友達に無制限ボーナス！",
	"txt2": "もっと紹介して、沢山稼ごう！",
	"txt2-teaser":"もっと紹介して、沢山稼ごう！",
	"cta": "https://record.sun988info.com/_IJCCY9bDLhleSeUTkJsCumNd7ZgqdRLk/1/",

	"step1a": "M88に参加する",
	"step1b": "すばやく簡単です",
	"step1b-mobi": "すばやく簡単です",
	"step2a": "入金",
	"step2b": "安全で、最短の入金時間を現実",
	"step2b-mobi": "Safe & Secure",
	"step3a": "プレイ",
	"step3b": "今すぐ勝利の旅に出よう!",
	"step3b-mobi": "Start Winning",

	"tiles-head": "M88 MANSION - YOUR GAMING DESTINATION",
	"slides-head": "all in one casino, the excitement of m88!",
	"m88-head": "why m88 MANSION?",
	"m88-feat-head1": "safe & secure gaming",
	"m88-feat-txt1": "M88 Mansion employs the best and latest security and encryption technologies, ensuring that players’ accounts and information are safe from online disruptors and hackers.",
	"m88-feat-head2": "variety of games",
	"m88-feat-txt2": "M88 Mansion offers a wide range of games from leading developers and distributors that could satisfy the palate of any discerning gamer.",
	"m88-feat-head3": "fast & better experience",
	"m88-feat-txt3": "We streamlined our website, making games and pages load faster so that players would not lose the adrenaline rush they experience when they play.",
	"m88-feat-head4": "improved look & feel",
	"m88-feat-txt4": "We underwent a massive facelift to remove the clutter, streamlining the look and feel of the website; leaving what is vital to the enjoyment of our patrons.",

	"bottom-head": "Start your journey with m88 now",
	"bottom-head-sub-about": "About M88 Mansion",
	"bottom-txt1": "M88 Mansion is an industry-leading online gaming platform offering sports betting, live casino, slots, lottery, and more to the Asian market. Founded in 2007, we take pride in providing customers with the best gaming experience in a secure, fair, and trusted environment.",
	"bottom-txt2": "From competitive sports betting odds to monthly promotions and bonuses, we offer exceptional value and unparalleled service. Innovation is at the heart of our business, as we continuously seek to develop new technologies, improve user experience, and broaden our game portfolio.",
	"bottom-head-sub2":"M88 Mansion is the Official Asian Partner of La Liga",
	"bottom-txt3": "M88 Mansion continues to team up with the biggest football brands in the world, forging an exclusive partnership with La Liga until the 2023-24 season as Official Regional Betting Partner in Asia. The two leading entities are working to expand the reach of each other, from organizing viewing parties to setting up the LaLiga Room on the M88 Mansion website, with more projects still in store.",

	"cta-sports": "https://record.sun988info.com/_IJCCY9bDLhnXUHWioGUjmmNd7ZgqdRLk/1/",
	"cta-live-casino": "https://record.sun988info.com/_IJCCY9bDLhmSjyVj1eB0xGNd7ZgqdRLk/1/",
	"cta-casino": "https://record.sun988info.com/_IJCCY9bDLhmWOx4zHaEN5WNd7ZgqdRLk/1/",
	"cta-knlt": "https://record.sun988info.com/_IJCCY9bDLhn9KUSQZdJ1UmNd7ZgqdRLk/1/",

	"to-top": "トップに戻る",

	"facebook": "https://www.facebook.com/malaysiam88mansion/",
	"instagram": "https://www.instagram.com/malaysiam88mansion/",
	"twitter": "https://twitter.com/mym88mansion",
	"youtube": "https://www.youtube.com/channel/UCLQCeN8CVYye1DL2Xpq2IuA",
	"tiktok": "",
	"none":" ",

	"sports": "Sports",
	"sports-txt": "We have lines of your favorite sports leagues and events with up to date odds and payouts.",
	
	"live-casino": "LIVE CASINO",
	"live-casino-txt": "M88 Mansion's lively dealers would make sure the experience is as if you're in a real casino.",
	"casino-fishing": "CASINO &<br> FISHING",
	"casino-fishing-txt": "Experience no lag when you play our casino and fishing games..",
	"keno-lotto": "KENO &<br> LOTTO",
	"keno-lotto-txt": "Play keno and lotto on M88 Mansion and you might just win the jackpot.",

	"title-sponsors":"M88の誇り高き提携パートナー",
	"footer-laliga":"オフィシャル <br/> ベッティングパートナー",		
	"footer-bwf": "オフィシャル <br/> ベッティングパートナー",
	"footer-ac":"オフィシャル <br/> リージョナルパートナー",
	"footer-talon":" グローバル <br/> タイトルスポンサー",
	"footer-celeb":"M88 セレブパートナー",
	"footer-ambassador":"M88 アンバサダー",
	"footer-betting":"オフィシャル <br/> ベッティングパートナー",

	"prev-sponsors": "以前のスポンサーシップ",
		
	"ftxt1": "Official Regional Partner",
	"ftxt1a": "2020 - 2024",
	"ftxt2": "AFC Bournemouth",
	"ftxt2a": "2015 - 2020",
	"ftxt3": "Crystal Palace",
	"ftxt3a": "2015 - 2017",
	"ftxt4": "Manchester City",
	"ftxt4a": "2011 - 2012",
	"ftxt5": "Tottemham Hotspurs",
	"ftxt5a": "2006 - 2010",

	"ftxt6": " M88 は責任あるゲーミングに取り組んでいます。次のリンクをご確認ください。 <a href=\"https://help.m88.com/responsibleGaming_en.asp\" target=\"_blank\"><strong> 責任あるゲーミング </strong></a>.",
	"ftxt7": "*利用規定が適用されます; 詳細については、プロモーションページを参照してください。",
	"ftxt8": "M88.comは最高のゲーム体験を提供するために特定のクッキーを使用しています。 サイトにアクセスし引き続き使用することはクッキーの使用に同意したとみなされます。クッキーの使用と、その防止方法についての詳細はm88の <a href=\"https://help.m88.com/termOfUse_tc_en.asp\" target=\"_blank\"><strong>利用規定を参照してください</strong></a>."
}