username,currency,prize
gran345,USD-JP,260
urushi,USD-JP,172
userTest-JP,USD-JP,123
niko25,USD-JP,121
nankinanan,USD-JP,113
Tanbabaca,USD-JP,106
furekei,USD-JP,90
nemtree,USD-JP,89
mekiri,USD-JP,87
Mochi2613,USD-JP,87
toxy24,USD-JP,86
TOTIKU,USD-JP,79
salisero,USD-JP,78
MiuLight,USD-JP,78
youseityan,USD-JP,73
tomokoohashi,USD-JP,71
masusin,USD-JP,55
oguogu,USD-JP,51
Minhbg8686,USD-JP,50
OKB84SP,USD-JP,44
M8kaji,USD-JP,40
nabetarou,USD-JP,40
Mardinly,USD-JP,36
gran345,USD-JP,30