{
  "lang": "vi-VN",
  "langs": "Tiếng Việt",
  "title": "M88 Mansion Thể thao điện tử | Đỉnh cao Giải trí Châu Á",

  "register": "REGISTER",

  "banner-h1": "M88 Mansion Thể thao điện tử<br> Đỉnh cao Giải trí Châu Á",

  "join": "THAM GIA NGAY",
  "join-link": "https://record.brave158.com/_KIygtkxEAq0lu5cdA8BczmNd7ZgqdRLk/4/",

  "promos": "Khuyến mãi",

  "discord-link": "https://discord.gg/M88esports",
  "facebook-link": "https://facebook.com/m88esports",
  "instagram-link": "https://instagram.com/m88esports",
  "twitter-link": "https://twitter.com/m88esports",
  "youtube-link": "https://www.youtube.com/channel/UCJ--uQjvxtUh21dT0H7sMKQ",
  "twitch-link": "https://twitch.tv/m88esports",

  "discord-img": "./assets/img/footer/discord.svg",
  "facebook-img": "./assets/img/footer/facebook.svg",
  "instagram-img": "./assets/img/footer/instagram.svg",
  "twitter-img": "./assets/img/footer/twitter.svg",
  "youtube-img": "./assets/img/footer/youtube.svg",
  "twitch-img": "./assets/img/footer/twitch.svg",

  "responsible": "M88 cam kết hỗ trợ <a href='https://help.m88.com/responsible-gaming/responsibleGaming.vi-VN.asp' target='_blank'>Chơi Game Có Trách Nhiệm</a>"
}
