{
  "lang": "th-TH",
  "langs": "ไทย",
  "title": "M88 Mansion อีสปอร์ต | ดีที่สุดในเอเชีย",

  "register": "REGISTER",

  "banner-h1": "M88 Mansion อีสปอร์ต<br> ดีที่สุดในเอเชีย",

  "join": "เข้าร่วมตอนนี้",
  "join-link": "https://record.cole5555.com/_93V9L73td-kysOMpZep-XGNd7ZgqdRLk/3/",

  "join-faceit":"M88 FACEIT PAGE",
  "faceit-join-link":"https://bit.ly/3TE33yA",

  "promos": "โปรโมชั่น",

  "discord-link": "https://discord.gg/M88esports",
  "facebook-link": "https://facebook.com/m88esports",
  "instagram-link": "https://instagram.com/m88esports",
  "twitter-link": "https://twitter.com/m88esports",
  "youtube-link": "https://www.youtube.com/channel/UCJ--uQjvxtUh21dT0H7sMKQ",
  "twitch-link": "https://twitch.tv/m88esports",

  "discord-img": "./assets/img/footer/discord.svg",
  "facebook-img": "./assets/img/footer/facebook.svg",
  "instagram-img": "./assets/img/footer/instagram.svg",
  "twitter-img": "./assets/img/footer/twitter.svg",
  "youtube-img": "./assets/img/footer/youtube.svg",
  "twitch-img": "./assets/img/footer/twitch.svg",

  "responsible": "M88 มุ่งมั่นที่จะสนับสนุน <a href='https://help.m88.com/responsible-gaming/responsibleGaming.th-TH.asp' target='_blank'>การเล่นเกมอย่างรับผิดชอบ</a>"
}
