{
	"ftxt1": "OFFICIAL REGIONAL PARTNER",
	"ftxt2": "AFC BOURNEMOUTH",
	"ftxt3": "CRYSTAL PALACE",
	"ftxt4": "MANCHESTER CITY",
	"ftxt5": "TOTTENHAM HOTSPURS",
	"ftxt6": "M88 is committed to supporting <a href=\"javascript:openInNewWindow('https://help.m88.com/responsibleGaming_en.asp',915,1000)\" class=\"link\"><strong>Responsible Gaming</strong></a>",
	"txt1": "M88体育独家",
	"txt2": "<span class=\"line1\">全新体育游戏</span><br>虚拟足球＆虚拟篮球<br>免费领取 <span class=\"highlight\">88马币</span>",
	"txt4": "立即领取",
	"txt7": "WATCH NOW",
	"txt5": "条款与规则",
	"txt6": "<li><p>此优惠适用于所有M88马来西亚新会员，活動期間2021年11月1日00:00:00至2021年11月30日23:59:00 (GMT+8)。</p></li><li><p>新玩家可获得马币88免费投注</p></li><li><p>获取资格，玩家必须在 M88 進行注册，帳戶验证成功24-48小时后系統自動匯入马币88免费投注。</p></li><li><p>马币88免费投注奖金，必须在明陞体育中「虚拟足球」及「虚拟篮球」达到3倍流水，最低存款马币30 才能提取奖金。</p></li><li><p>领取此免费投注的玩家，将无法领取新会员迎宾彩金。</p></li><li><p>如果余额低于1马币，红利将自动取消</p></li><li><p>仅计入所有已结算的注单。所有无效,对赌以及任何低于1.50（欧洲盘）赔率的投注（马来盘赔率0.50 ；香港盘赔率0.50；印尼盘赔率-2.00）和 被排除的项目等将不会计算在有效投注内。</p></li><li><p>申请优惠若无法转出或提款，请谘询在线客服</p></li><li><p>M88保留随时更改、更新、修改或取消此促销活动的权利。</p></li><li><p>一般条款及规则应用于此优惠</p></li>",
	"cta": "https://record.cole2222.com/_GUtnFvlzSb1eSeUTkJsCumNd7ZgqdRLk/1/"
}