{
  "langs": "English (MYR)",
  "link-logo-top": "<a href=\"https://www.m88globalpartners.com/\"><img class=\"desk-header-top\" src=\"assets/images/logo-partners.svg\" alt=\"M88, LaLiga logos\"/></a>",
  "link-logo-bottom": "<a href=\"https://www.m88globalpartners.com/\"><img class=\"desk-header\" src=\"assets/images/logo-partners-bottom.svg\" alt=\"M88, LaLiga logos\"/></a>",
  "login": "LOGIN",
  "join": "JOIN NOW",
  "play": "PLAY NOW",
  "claim-now": "BECOME OUR PARTNER",
  "claim": "CLAIM",

  "tnc": "TERMS & CONDITIONS",
  "tnc2": "welcome bonus Terms & Conditions",
  "tile-btn": "Go Now",

  "title": "Grow Your Affilate Business with Us",

  "txt1": "BE PART OF THE EXCITEMENT AND THRILL OF THE INDIAN PREMIER LEAGUE!",
  "txt2": "WIN AND EXPERIENCE FUN,<br>GET YOUR MYR 418 NOW!",
  "txt2-teaser": "WIN AND EXPERIENCE FUN,<br>GET YOUR MYR 418 NOW!",
  "claim-now-default": "BECOME OUR PARTNER",

  "step1a": "JOIN M88",
  "step1b": "It’s quick and easy",
  "step1b-mobi": "Quick & Easy",
  "step2a": "DEPOSIT",
  "step2b": "Secure with 2-5min deposit time!",
  "step2b-mobi": "Safe & Secure",
  "step3a": "PLAY",
  "step3b": "Start your winning journey!",
  "step3b-mobi": "Start Winning",

  "slides-head": "all in one casino, the excitement of m88!",
  "m88-head": "why m88 MANSION?",
  "m88-feat-head1": "safe & secure gaming",
  "m88-feat-txt1": "M88 Mansion employs the best and latest security and encryption technologies, ensuring that players’ accounts and information are safe from online disruptors and hackers.",
  "m88-feat-head2": "variety of games",
  "m88-feat-txt2": "M88 Mansion offers a wide range of games from leading developers and distributors that could satisfy the palate of any discerning gamer.",
  "m88-feat-head3": "fast & better experience",
  "m88-feat-txt3": "We streamlined our website, making games and pages load faster so that players would not lose the adrenaline rush they experience when they play.",
  "m88-feat-head4": "improved look & feel",
  "m88-feat-txt4": "We underwent a massive facelift to remove the clutter, streamlining the look and feel of the website; leaving what is vital to the enjoyment of our patrons.",

  "bottom-head": "Start your journey with m88 now",
  "bottom-head-sub-about": "About M88 Mansion",
  "bottom-txt1": "M88 Mansion is an industry-leading online gaming platform offering sports betting, live casino, slots, lottery, and more to the Asian market. Founded in 2007, we take pride in providing customers with the best gaming experience in a secure, fair, and trusted environment.",
  "bottom-txt2": "From competitive sports betting odds to monthly promotions and bonuses, we offer exceptional value and unparalleled service. Innovation is at the heart of our business, as we continuously seek to develop new technologies, improve user experience, and broaden our game portfolio.",
  "bottom-head-sub2": "M88 Mansion is the Official Asian Partner of La Liga",
  "bottom-txt3": "M88 Mansion continues to team up with the biggest football brands in the world, forging an exclusive partnership with La Liga until the 2023-24 season as Official Regional Betting Partner in Asia. The two leading entities are working to expand the reach of each other, from organizing viewing parties to setting up the LaLiga Room on the M88 Mansion website, with more projects still in store.",

  "to-top": "BACK TO TOP",

  "facebook": "https://www.facebook.com/malaysiam88mansion/",
  "instagram": "https://www.instagram.com/malaysiam88mansion/",
  "twitter": "https://twitter.com/mym88mansion",
  "youtube": "https://www.youtube.com/channel/UCLQCeN8CVYye1DL2Xpq2IuA",
  "tiktok": "",
  "none": " ",

  "tiles-head": "M88 MANSION - YOUR GAMING DESTINATION",
  "tiles-desc": "M88 Mansion offers the widest range of games and betting options. Try them today.",

  "sports": "Sports",
  "sports-txt": "We have lines of your favorite sports leagues and events with up to date odds and payouts.",
  "live-casino": "LIVE CASINO",
  "live-casino-txt": "M88 Mansion's lively dealers would make sure the experience is as if you're in a real casino.",
  "casino-fishing": "CASINO &<br> FISHING",
  "casino-fishing-txt": "Experience no lag when you play our casino and fishing games.",
  "keno-lotto": "KENO &<br> LOTTO",
  "keno-lotto-txt": "Play keno and lotto on M88 Mansion and you might just win the jackpot.",

  "ftxt1": "Official Regional Partner",
  "ftxt1a": "2020 - 2024",
  "ftxt2": "AFC Bournemouth",
  "ftxt2a": "2015 - 2020",
  "ftxt3": "Crystal Palace",
  "ftxt3a": "2015 - 2017",
  "ftxt4": "Manchester City",
  "ftxt4a": "2011 - 2012",
  "ftxt5": "Tottemham Hotspurs",
  "ftxt5a": "2006 - 2010",

  "ftxt6": "M88 is committed to supporting <a href=\"https://help.m88.com/responsibleGaming_en.asp\" target=\"_blank\"><strong>Responsible Gaming</strong></a>.",
  "ftxt7": "Terms and Conditions apply. Please refer to the promotions page for more details.",
  "ftxt8": "M88.com uses certain browser cookies to ensure you receive the best gaming experience. By accessing and continuing to use the site you accept the use of these cookies.<br> For information on our use of cookies and how to prevent them please refer to M88´s <a href=\"https://help.m88.com/termOfUse_tc_en.asp\" target=\"_blank\"><strong>terms of use</strong></a>.",

  "ptxt1": "Look no further!",
  "ptxt2": "Become our Partner and enjoy exclusive M88 Partner Deals which offers you the opportunity to join the IPL action and earn rewards while promoting one of the most popular sporting events in the world.",

  "ctxt1": "Generous Commission:",
  "ctxt2": "Earn competitive and flexible commissions made through your referral link.",

  "mtxt1": "Exclusive Promotional Material:",
  "mtxt2": "Access a range of high-quality banners, graphics, and promotional content to enhance your marketing efforts.",

  "patxt1": "Fast and hassle-free monthly payment:",
  "patxt2": "Enjoy the convenience of prompt monthly payments, ensuring you receive your earnings without delays.",

  "atxt1": "Dedicated Account Manager:",
  "atxt2": "Receive personalized assistance and support from our affiliate team to help you maximize your earning potential and achieve success."
}
