{
	"ftxt1": "OFFICIAL REGIONAL PARTNER",
	"ftxt2": "AFC BOURNEMOUTH",
	"ftxt3": "CRYSTAL PALACE",
	"ftxt4": "MANCHESTER CITY",
	"ftxt5": "TOTTENHAM HOTSPURS",
	"ftxt6": "M88 is committed to supporting <a href=\"javascript:openInNewWindow('https://help.m88.com/responsibleGaming_en.asp',915,1000)\" class=\"link\"><strong>Responsible Gaming</strong></a>",
	"txt1": "12 DAYS OF CHRISTMAS WITH M88",
	"txt2": "KEEP PLAYING TO GET <span class=\"highlight\">MYR 88 FREEBET</span> PLUS <br><span class=\"line1\">PRIZES WORTH UP TO <span class=\"highlight\">MYR 144!</span></span>",
	"txt4": "CLAIM NOW",
	"txt7": "WATCH NOW",
	"txt5": "Terms & Conditions",
	"txt6": "<li><p>This promotion is applicable to all new M88 Malaysia players from 1st December 2021 at 00:00:0 to 24th December 2021 at 23:59:0 (GMT+8).</p></li><li><p>This promotion is open to new players and players who have not made any deposits yet.</p></li><li><p>New players are eligible to receive one (1) MYR 88 freebet for any of the following products:</p></li><table><thead><tr><th>PRODUCT</th><th>MAX BONUS</th><th>RO</th></tr></thead><tbody><tr><td>MSPORTS</td><td>MYR 88</td><td>5x</td></tr><tr><td>SABA</td><td>MYR 88</td><td>5x</td></tr><tr><td>CASINO SLOTS</td><td>MYR 88</td><td>8x</td></tr><tr><td>LIVE CASINO</td><td>MYR 88</td><td>8x</td></tr></tbody></table><li><p>New M88 Malaysia players who registered from 1st December 2021 at 00:00:0 to 12th December 2021 at 23:59:0 (GMT+8) are eligible to get mystery gifts from M88.</p></li><li><p>To be eligible,Player must make a minimum deposit of MYR 30 and meet the minimum turnover from 1st December 2021 to 24th December 2021 on one (1) of the following products below:</p></li><table><thead><tr><th>PRODUCT</th><th>MINIMUM TURNOVER</th></tr></thead><tbody><tr><td>MSPORTS</td><td>MYR 7731</td></tr><tr><td>SABA</td><td>MYR 4855</td></tr><tr><td>CASINO SLOTS</td><td>MYR 5741</td></tr><tr><td>LIVE CASINO</td><td>MYR 6695</td></tr></tbody></table><li><p>Players who meet the requirements will get a mystery gift starting 13th December 2021 to 24th December 2021 and will be selected randomly to get one of these prizes:</p></li><table><thead><tr><th>PRIZES</th><th>AMOUNT</th><th>RO</th></tr></thead><tbody><tr><td>Marshall Mode II earbuds</td><td>$ 35.99/ MYR 144/ VND 828K/ IDR 504K​/ THB 1150</td><td>28X</td></tr><tr><td>Samsung Galaxy Buds 2</td><td>$ 29.99/ MYR 120/ VND 690K/ IDR 420K/ THB 960</td><td>28X</td></tr><tr><td>La Liga Jersey</td><td>$ 26/ MYR 104/ VND 598K/ IDR 364K/ THB 832</td><td>28X</td></tr><tr><td>JBL Charge 4​</td><td>$ 8/ MYR 32/ VND 184K/ IDR 112K/ THB 256</td><td>28X</td></tr><tr><td>Marshall Emberton Bluetooth Speaker</td><td>$29.99/ MYR 120/ VND 690K/ IDR 420K/ THB 960</td><td>28X</td></tr><tr><td>MYR 88 Msports Freebet</td><td>THB 708/ VND 508/IDR 308</td><td>5X</td></tr><tr><td>88 Casino Slots Freespin (PP)</td><td>88 Freespin</td><td>6X</td></tr><tr><td>MYR 28 Casino Freebet</td><td>VND 161/ IDR 98/ THB 224</td><td>3X</td></tr><tr><td>MYR 28 Live Casino Freebet</td><td>VND 161/ IDR 98/ THB 224</td><td>8X</td></tr><tr><td>MYR 38 SABA Freebet</td><td>VND 218/ IDR 133/ THB 304</td><td>6X</td></tr><tr><td>MYR 188 Cash Bonus 1x RO</td><td>VND 1081/ IDR 658/ THB 1504</td><td>1X</td></tr><tr><td>MYR 88 La Liga Room Freebet</td><td>VND 506/ IDR 308/ THB 704</td><td>5X</td></tr></tbody></table><li><p>The top 12 players will be selected at the end of the promo period to receive the prizes above. Click here to see the Leaderboard</p></li><li><p>The player who wagered the highest,will be rank #1 on the leaderboard. If there are more than one player who have the same total wager amount,the player who reached it first will get the highest position on the leaderboard.</p></li><li><p>To claim their prizes,players must contact customer service via Live Chat and provide their full name,address,and phone number.</p></li><li><p>Freespins must be rolled over 6x prior to withdrawal of winnings.</p></li><li><p>Freebets in MSPORTS and SABA must be rolled over 5x prior to withdrawal of winnings.</p></li><li><p>Freebets in Live Casino must be rolled over 8x prior to withdrawal of winnings.</p></li><li><p>Tangible item prizes are convertible to Freebet bonus in MSports up to 20% of the actual prize value with 28x RO. </p></li><li><p>Rollover must be fulfilled within 7 days to prevent forfeiture of the bonus and winning amount.</p></li><li><p>The leaderboard will be updated at the end of the promo period. Winners will be awarded with Freespins on 27th December 2021 at 15:0 (GMT+8).</p></li><li><p>Only real money wagered on Casino Slots count towards this promotion.</p></li><li><p>Players must place a minimum deposit of MYR 30 in order to withdraw winnings.</p></li><li><p>The bonus will be auto redeemed if balance falls below MYR 1.</p></li><li><p>All draw bets,void bets,bets on Decimal odds below 1.5 (Malay odds .5;HK odds .5;Indo odds -2) and all bets on excluded games will not be included in the calculation for any turnover and rollover requirement.</p></li><li><p>M88 reserves the right to amend,suspend,or cancel the promotion at any time and without prior notice.</p></li><li><p>M88 General Terms & Conditions apply.</p></li>",
	"cta": "https://record.cole2222.com/_K1nKDoetzKVeSeUTkJsCumNd7ZgqdRLk/1/"
}