{
	"lang": "id-ID",
	"langs": "Bhs Indonesia",
	"title": "M88 Mansion Esport | Where Asia Plays",

	"register": "REGISTER",

	"banner-h1": "M88 Mansion Esport<br> Where Asia Plays",

  "join": "GABUNG SEKARANG MP",
  "join-link": "https://record.cole2222.com/_QsTeIXIJ6xdBNMcqFlyYf2Nd7ZgqdRLk/2/",

  "promos": "PROMOSI",

  "discord-link": "https://discord.gg/M88esports",
  "facebook-link": "https://facebook.com/m88esports",
  "instagram-link": "https://instagram.com/m88esports",
  "twitter-link": "https://twitter.com/m88esports",
  "youtube-link": "https://www.youtube.com/channel/UCJ--uQjvxtUh21dT0H7sMKQ",
  "twitch-link": "https://twitch.tv/m88esports",

  "discord-img": "./assets/img/footer/discord.svg",
  "facebook-img": "./assets/img/footer/facebook.svg",
  "instagram-img": "./assets/img/footer/instagram.svg",
  "twitter-img": "./assets/img/footer/twitter.svg",
  "youtube-img": "./assets/img/footer/youtube.svg",
  "twitch-img": "./assets/img/footer/twitch.svg",

  "responsible": "M88 berkomitmen untuk mendukung <a href='https://help.m88.com/responsible-gaming/responsibleGaming.id-ID.asp' target='_blank'>Bermain Dengan Tanggung Jawab</a>"

}