{
	"ftxt1": "PARTNER REGIONAL RESMI",
	"ftxt2": "AFC BOURNEMOUTH",
	"ftxt3": "CRYSTAL PALACE",
	"ftxt4": "MANCHESTER CITY",
	"ftxt5": "TOTTENHAM HOTSPURS",
	"ftxt6": "M88 berkomitmen untuk mendukung <a href=\"javascript:openInNewWindow('https://help.m88.com/responsibleGaming_id.asp',915,1000)\" class=\"link\"><strong>Bermain Dengan Tanggung Jawab</strong></a>",
	"txt1": "12.12 HARI NATAL BERSAMA M88",
	"txt2": "TERUS BERMAIN UNTUK MENDAPATKAN <span class=\"highlight\">IDR 308 FREEBET</span> +<br><span class=\"line1\">HADIAH HINGGA <span class=\"highlight\">IDR 504!<span></span>",
	"txt4": "KLAIM SEKARANG",
	"txt7": "NONTON SEKARANG",
	"txt5": "Syarat & Ketentuan",
	"txt6": "<p><li>Promosi ini berlaku untuk semua member baru di mulai dari tanggal 1 Desember 2021,00:00:0 - 24 Desember 2021,23:59:0 (GMT+8).</li></p><p><li>Promosi Ini berlaku untuk member baru yang belum pernah mengklaim bonus atau melakukan deposit pertama.</li></p><p><li>Member baru berhak mendapatkan IDR 308 di salah satu permainan berikut:</li></p><table><thead><tr><th>PERMAINAN</th><th>MAX. BONUS</th><th>RO</th></tr></thead><tbody><tr><td>MSPORTS</td><td>IDR 308</td><td>5X</td></tr><tr><td>SABA</td><td>IDR 308</td><td>5X</td></tr><tr><td>SLOT KASINO</td><td>IDR 308</td><td>8X</td></tr><tr><td>LIVE KASINO</td><td>IDR 308</td><td>8X</td></tr></tbody></table><p><li>Member baru yang baru mendaftar dari tanggal 1 Desember 2021 pukul 00:00:0 - 12 Desember 2021 pukul 23:59:0 (GMT+8) berhak mendapatkan hadiah misteri dari M88.</li></p><p><li>Untuk memenuhi persyaratan,Member harus melakukan deposit minimum IDR 50 dan memenuhi turnover minimum dari tanggal 1 Desember 2021 - 24 Desember 2021 sesuai dengan salah satu (1) dari permainan berikut di bawah ini:</li></p><table><thead><tr><th>PERMAINAN</th><th>MINIMUM TURNOVER</th></tr></thead><tbody><tr><td>MSPORTS</td><td>IDR 5,228</td></tr><tr><td>SABA</td><td>IDR 5,681</td></tr><tr><td>SLOT KASINO</td><td>IDR 4,012</td></tr><tr><td>LIVE KASINO</td><td>IDR 16,272</td></tr></tbody></table><p><li>Member yang memenuhi syarat akan mendapatkan hadiah misteri mulai dari tanggal 13 Desember 2021 - 24 Desember 2021 dan akan dipilih secara acak untuk mendapatkan salah satu hadiah berikut:</li></p><table><thead><tr><th>HADIAH</th><th>JUMLAH</th><th>RO</th></tr></thead><tbody><tr><td>Marshall Mode II earbuds​ </td><td>IDR 504 </td><td>28X</td></tr><tr><td>Samsung Galaxy Buds 2</td><td>IDR 420</td><td>28X</td></tr><tr><td>La Liga Jersey</td><td>IDR 364</td><td>28X</td></tr><tr><td>JBL Charge 4</td><td>IDR 112</td><td>28X</td></tr><tr><td>Marshall Emberton Bluetooth Speaker</td><td>IDR 420</td><td>28X</td></tr><tr><td>IDR 308 Msports Freebet​</td><td>IDR 308</td><td>5X</td></tr><tr><td>88 Casino Slots FS (PP)</td><td>88 Freespin </td><td>6X</td></tr><tr><td>IDR 98 Casino Freebet​</td><td>IDR 98</td><td>3X</td></tr><tr><td>IDR 98 Live Casino Freebet​ </td><td>IDR 98</td><td>8X</td></tr><tr><td>IDR 133 SABA Freebet​</td><td>IDR 133</td><td>6X</td></tr><tr><td>IDR 658 Cash Bonus 1x RO​</td><td>IDR 658</td><td>1X</td></tr><tr><td>IDR 308 LaLiga Room Freebet</td><td>IDR 308 </td><td>5X</td></tr></tbody></table><p><li>Top 12 member teratas akan dipilih pada akhir periode promosi untuk menerima hadiah di atas. Klik di sini untuk melihat Papan Peringkat</li></p><p><li>Member yang memiliki turnover paling tinggi,akan menempati peringkat #1 di papan peringkat. Jika ada lebih dari satu member yang memiliki jumlah total taruhan yang sama,member yang mencapainya lebih dulu yang akan mendapatkan posisi tertinggi di papan peringkat.</li></p><p><li>Member harus menghubungi layanan pelanggan(CS) melalui Live Chat untuk mengklaim hadiahnya dan member harus memberikan nama lengkap,alamat dan nomor kontak yang valid</li></p><p><li>Freespins harus dilakukan rollover 6x sebelum penarikan dapat dilakukan.</li></p><p><li>Freebet di MSPORTS dan SABA harus dilakukan rollover 5x sebelum penarikan dapat dilakukan.</li></p><p><li>Freebet di Live Casino harus di rollover 8x sebelum penarikan dapat dilakukan.</li></p><p><li>Hadiah dapat dikonversi menjadi bonus Freebet di Msports hingga 20% dari nilai hadiah sebenarnya dengan RO 28x.</li></p><p><li>Rollover harus dipenuhi dalam waktu 7 hari untuk mencegah hilangnya bonus dan jumlah kemenangan.</li></p><p><li>Papan peringkat akan diperbarui pada akhir periode promosi. Dan pemenang akan diberikan Freespin pada tanggal 27 Desember 2021 pukul 15:0 (GMT+8).</li></p><p><li>Hanya dana taruhan \"Real Cash\" yang dimainkan di Slot Kasino yang berlaku dalam promosi ini.</li></p><p><li>Member harus melakukan deposit minimal IDR 50 sebelum penarikan dapat dilakukan.</li></p><p><li>Bonus akan otomatis dikreditkan jika saldo kurang dari(di bawah) IDR 1</li></p><p><li>Semua taruhan dengan hasil seri,taruhan VOID/dibatalkan,taruhan di bawah odds decimal 1.5 (Malay odds .5;HK odds .5;Indo Odds -2) dan semua taruhan pada permainan yang dikecualikan tidak akan dimasukkan dalam perhitungan untuk persyaratan turnover dan rollover.</li></p><p><li>M88 berhak untuk mengubah,memperbarui,memodifikasi atau membatalkan promosi ini kapan saja.</li></p><p><li>Syarat & Ketentuan Umum Promosi berlaku.</li></p>",
	"cta": "https://record.cole2222.com/_K1nKDoetzKVBNMcqFlyYf2Nd7ZgqdRLk/2/"
}