{
	"langs":"Indonesia",
	"link-m88":"<a href=\"https://m88.com/?lang=id-ID\"><img class=\"desk-header\" src=\"assets/images/mlogo.gif\" alt=\"M88, LaLiga logos\" /><img class=\"mobi-header\" src=\"assets/images/mlogo.gif\" alt=\"M88, LaLiga logos\" /></a>",
	"login": "LOGIN",
	"join": "JOIN NOW",
	"play": "PLAY NOW",
	"claim-now": "KLAIM SEKARANG",
	"claim":"KLAIM BONUS SAYA",
	"claim-now-msports":"Msports",
	"claim-now-casino":"Casino",
	"tnc": "SYARAT & KETENTUAN",
	"tnc2": "SYARAT & KETENTUAN WELCOME BONUS",
	"tile-btn":"Main sekarang",

	"title":"BAGI-BAGI THR",	
		
	"txt1": "BAGI-BAGI THR",
	"txt2": "DAPATKAN FREEPLAY IDR  88 TANPA DEPOSIT!",
	"txt2-teaser":"DAPATKAN FREEPLAY IDR  88 TANPA DEPOSIT!",
	"claim-now-default": "GABUNG SEKARANG",

	"step1a": "JOIN M88",
	"step1b": "Cepat dan Mudah",
	"step1b-mobi": "Cepat & Mudah",
	"step2a": "DEPOSIT",
	"step2b": "Aman dengan waktu deposit 2-5 menit!",
	"step2b-mobi": "Safe & Secure",
	"step3a": "Main",
	"step3b": "Mulai perjalanan kemenangan Anda!",
	"step3b-mobi": "Mulai Menang",

	"slides-head": "all in one casino, the excitement of m88!",
	"m88-head": "Mengapa M88 MANSION",
	"m88-feat-head1": "Permainan yang Aman dan Terjamin",
	"m88-feat-txt1": "M88 Mansion menggunakan teknologi terkini dan terbaik dalam segi keamanan dan eknripsi. Dipastikan bahwa informasi dari akun pemain aman dari peretas online.",
	"m88-feat-head2": "Variasi Permainan",
	"m88-feat-txt2": "M88 Mansion menawarkan permainan yang variatif dari developer dan provider terkemuka agar dapat memuaskan selera gamer yang cerdas.",
	"m88-feat-head3": "Pengalaman Cepat & Lebih Baik",
	"m88-feat-txt3": "Kami memberikan kesan minimalist di situs website M88 Mansion. Ini menjadikan akses game lebih cepat sehingga pemain tetap fokus dengan adrenalin yang mereka alamisaat mereka bermain.",
	"m88-feat-head4": "Dengan Tampilan dan Nuansa yang Lebih Baik",
	"m88-feat-txt4": "Kami menjalani perubahan besar besaran untuk menghindari kekacauan, memberi kesan minimalis dari segi tampilan; membuat prioritas penting demi pelanggan kami.",

	"bottom-head": "Mulailah Perjalanan Anda Bersama M88 Mansion Sekarang Juga",
	"bottom-head-sub-about": "Tentang M88 Mansion",
	"bottom-txt1": "M88 Mansion adalah platform game online terkemuka yang menawarkan taruhan olahraga, live casino, slot, lotre, dan permainan lainnya di pasar Asia. Didirikan pada 2007, kami bangga menyediakan game terbaik serta lingkungan yang aman, adil serta terpercaya untuk pelanggan kami.",
	"bottom-txt2": "Dari peluang taruhan olahraga yang kompetitif hingga promosi dan bonus bulanan, kami menawarkan layanan dan nominal yang tak tertandingi. Inovasi adalah inti dari bisnis kami, karena kami terus berupaya mengembangkan teknologi baru, meningkatkan pengalaman pelanggan dan memiliki variasi game yang luar biasa.",
	"bottom-head-sub2":"M88 Mansion adalah Mitra Resmi La Liga Asia",
	"bottom-txt3": "M88 Mansion terus bekerja sama dengan brand sepak bola terbesar di dunia, menjalin kemitraan ekslusif dengan La Liga hingga musim 2023-2024 sebagai Mitra Taruhan RegionalResmi di Asia. Dua entitas terkemuka bekerja untuk memperluas jangkauan satu sama lain, dari mengatur pesta menonton hingga menyiapkan Ruang LaLiga di situs M88 Mansion, dengan lebih banyak proyek yang akan segera diluncurkan.",

	"to-top": "KEMBALI KE ATAS",

	"facebook": "https://www.facebook.com/M88OfficialID/",
	"instagram": "https://www.instagram.com/m88indo/",
	"twitter": "https://twitter.com/M88Indo",
	"youtube": "https://www.youtube.com/channel/UCp861DzoOkrBkDx6RxrDi-Q",
	"none": "",

  "tiles-head": "M88 MANSION - YOUR GAMING DESTINATION",
  "tiles-desc": "M88 Mansion menawarkan pilihan permainan dan taruhan. Cobalah hari ini.",

	"sports": "Sports",
	"sports-txt": "Kami memiliki jadwal liga dan acara olahraga favorit Anda dengan odds dan payout terkini.",
	"live-casino": "LIVE KASINO",
	"live-casino-txt": "Dealer M88 Mansion yang variatif akan memastikan pengalaman seolah-olah Anda berada di ruangan Casino.",
	"casino-fishing": "SLOT KASINO",
	"casino-fishing-txt": "Rasakan pengalaman memainkan Casino dan Fishing kami.",
	"keno-lotto": "Keno & Lotto",
	"keno-lotto-txt": "Mainkan keno dan lotto di M88 Mansion dan mungkin saja jackpot berpihak pada Anda.",

	"title-sponsors":"DENGAN BANGGA MEMPERSEMBAHKAN",
	"prev-sponsors":"SPONSORSHIP SEBELUMNYA",
	"footer-laliga":" Mitra Regional Resmi",
	"footer-bwf":"Mitra Taruhan Resmi",
	"footer-ac":" Official Casino Partner",
	"footer-talon":"Global Title Sponsor",
	"footer-celeb":"M88 Celebrity Partner",
	"footer-ambassador":"M88 Ambassador",
	"footer-betting":"Mitra Taruhan Resmi",
	"footer-mansion": "Sponsor Utama",

	"ftxt1": "Partner Regional Resmi",
	"ftxt1a": "2020 - 2024",
	"ftxt2": "AFC Bournemouth",
	"ftxt2a": "2015 - 2020",
	"ftxt3": "Crystal Palace",
	"ftxt3a": "2015 - 2017",
	"ftxt4": "Manchester City",
	"ftxt4a": "2011 - 2012",
	"ftxt5": "Tottemham Hotspurs",
	"ftxt5a": "2006 - 2010",

	"ftxt6": "M88 berkomitmen untuk mendukung <a href=\"https://help.m88.com/responsibleGaming_id.asp\" target=\"_blank\"><strong>Bermain Dengan Tanggung Jawab</strong></a>.",
	"ftxt7": "Syarat dan Ketentuan berlaku. Silahkan lihat kembali halaman promosi untuk detail lebih lanjut.",
	"ftxt8": "M88.com menggunakan cookie browser untuk memastikan Anda memiliki pengalaman game terbaik. Dengan mengakses situs kami, maka Anda menerima cookies kami di browser Anda.<br> Untuk informasi penggunaan dan menghindari cookies browser ini, <a href=\"https://help.m88.com/termOfUse_tc_id.asp\" target=\"_blank\"><strong>silahkan lihat ke ketentuan penggunaan website M88.</strong></a>."
}