{
	"langs":"Korea",
	"link-m88":"<a href=\"https://m88.com/?lang=ko-KR\"><img class=\"desk-header\" src=\"assets/images/mlogo-desktop.svg\" alt=\"M88, LaLiga logos\" /><img class=\"mobi-header\" src=\"assets/images/mlogo-mobile.svg\" alt=\"M88, LaLiga logos\" /></a>",
	"login": "LOGIN",
	"join": "JOIN NOW",
	"play": "PLAY NOW",
	"claim-now": "신청하기",
	"claim": "신청하기",
	"tnc": "이용약관",
	"tnc2": "이용약관",
	"tile-btn":"지금 이동",
	
	"txt1": "라 리가: 새로운 시즌, 새로운 제안",
	"txt2": "Msports 최대 KRW 100,000 웰컴 보너스!",
	"txt2-teaser":"Msports 최대 KRW 100,000 웰컴 보너스!",
	"cta": "https://record.sun988info.com/_C7BjBnGG8wHsP_BZ5nQwFmNd7ZgqdRLk/1/",

	"step1a": "M88 가입하기",
	"step1b": "빠르고 쉽게",
	"step1b-mobi": "빠르고 쉽게",
	"step2a": "입금하기",
	"step2b": "안전하고 신속한 입금 처리",
	"step2b-mobi": "안전하고 신속한 입금 처리",
	"step3a": "게임하기",
	"step3b": "지금 바로 승리의 여정을 시작하세요",
	"step3b-mobi": "지금 바로 승리의 여정을 시작하세요",

	"slides-head": "올인원 카지노, m88의 짜릿함!",
	"m88-head": "왜 M88 맨션인가?",
	"m88-feat-head1": "안전하고 안전한 게임",
	"m88-feat-txt1": "M88 맨션은 최고의 최신 보안 및 암호화 기술을 사용하여 플레이어의 계정과 정보를 온라인 방해자 및 해커로부터 안전하게 보호합니다.",
	"m88-feat-head2": "다양한 게임",
	"m88-feat-txt2": "M88 Mansion은 안목 있는 게이머의 입맛을 만족시킬 수 있는 주요 개발자 및 유통업체의 다양한 게임을 제공합니다.",
	"m88-feat-head3": "빠르고 더 나은 경험",
	"m88-feat-txt3": "우리는 웹사이트를 간소화하여 플레이어가 플레이할 때 경험하는 아드레날린 러시를 잃지 않도록 게임과 페이지가 더 빨리 로드되도록 했습니다.",
	"m88-feat-head4": "개선된 모양 및 느낌",
	"m88-feat-txt4": "우리는 웹 사이트의 모양과 느낌을 간소화하여 혼란을 제거하기 위해 대대적인 페이스리프트를 거쳤습니다. 고객의 즐거움을 위해 중요한 것을 남겨둡니다.",

	"bottom-head": "지금 m88과 함께 여행을 시작하세요",
	"bottom-head-sub-about": "M88 맨션 소개",
	"bottom-txt1": "M88 Mansion은 스포츠 베팅, 라이브 카지노, 슬롯, 복권 등을 아시아 시장에 제공하는 업계 최고의 온라인 게임 플랫폼입니다. 2007년에 설립된 우리는 고객에게 안전하고 공정하며 신뢰할 수 있는 환경에서 최고의 게임 경험을 제공하는 것을 자랑스럽게 생각합니다.",
	"bottom-txt2": "경쟁 스포츠 베팅 확률에서 월별 프로모션 및 보너스에 이르기까지 우리는 탁월한 가치와 비교할 수 없는 서비스를 제공합니다. 혁신은 새로운 기술을 지속적으로 개발하고 사용자 경험을 개선하며 게임 포트폴리오를 확장함에 따라 우리 비즈니스의 핵심입니다.",
	"bottom-head-sub2":"M88 맨션은 La Liga의 공식 아시아 파트너입니다.",
	"bottom-txt3": "M88 맨션은 아시아의 공식 지역 베팅 파트너로서 2023-24 시즌까지 La Liga와 독점 파트너십을 구축하면서 세계 최대 축구 브랜드와 계속 협력하고 있습니다. 두 주요 기관은 관람 파티를 조직하는 것부터 M88 맨션 웹사이트에 LaLiga Room을 설정하는 것까지 서로의 범위를 확장하기 위해 노력하고 있으며 아직 더 많은 프로젝트가 진행 중입니다.",

	"to-top": "맨 위로",

	"cta-sports": "",
	"cta-live-casino": "",
	"cta-casino": "",
	"cta-knlt": "",

	"facebook": "https://www.facebook.com/M88Malaysia.my",
	"instagram": "https://www.instagram.com/m88malaysia/",
	"twitter": "https://twitter.com/M88Malaysia",
	"youtube": "https://www.youtube.com/channel/UCLQCeN8CVYye1DL2Xpq2IuA",
	"tiktok": "",

  "tiles-head": "M88 맨션- 최고의 게임 플랫폼",
  "tiles-desc": "M88 Mansion offers the widest range of games and betting options. Try them today.",

	"sports": "운동경기",
	"sports-txt": "최신 배당률과 지불금이 포함된 좋아하는 스포츠 리그 및 이벤트 라인이 있습니다.",
	"live-casino": "라이브 카지노",
	"live-casino-txt": "M88 Mansion의 활기찬 딜러는 실제 카지노에 있는 것과 같은 경험을 할 수 있도록 합니다.",
	"casino-fishing": "카지노 및 낚시",
	"casino-fishing-txt": "카지노 및 낚시 게임을 할 때 지연을 경험하지 마십시오...",
	"keno-lotto": "이유 및 관리",
	"keno-lotto-txt": "M88 Mansion에서 키노와 로또를 플레이하면 잭팟에 당첨될 수도 있습니다..",

	"title-sponsors":"스폰서십",
	"prev-sponsors":"역대 스폰서십",
	"footer-laliga":"공식 지역 파트너",
	"footer-bwf":"공식 베팅 파트너",
	"footer-ac":" 공식 카지노 파트너",
	"footer-talon":" 글로벌 타이틀 스폰서",
	"footer-celeb":" M88 셀러브리티 파트너",
	"footer-ambassador":" M88 앰버서더",
	"footer-betting":"공식 베팅 파트너",

	"ftxt1": "Official Regional Partner",
	"ftxt1a": "2020 - 2024",
	"ftxt2": "AFC Bournemouth",
	"ftxt2a": "2015 - 2020",
	"ftxt3": "Crystal Palace",
	"ftxt3a": "2015 - 2017",
	"ftxt4": "Manchester City",
	"ftxt4a": "2011 - 2012",
	"ftxt5": "Tottemham Hotspurs",
	"ftxt5a": "2006 - 2010",

	"ftxt6": "M88은 책임감 있는 게임을 지원하기 위해 최선을 <a href=\"https://help.m88.com/responsibleGaming_en.asp\">다하고 있습니다</a>.",
	"ftxt7": "이용약관이 적용됩니다. 자세한 사항은 프로모션 페이지에서 참고 바랍니다.",
	"ftxt8": "M88.com은 특정 브라우저 쿠키를 사용하여 최적의 게임 환경을 제공합니다. 홈페이지에 접속하여 당사의 서비스를 이용하면 쿠키 사용에 동의하는 것으로 간주됩니다.<br> 쿠키 정책 및 설정은 M88 <a href=\"https://help.m88.com/termOfUse_tc_kr.asp\">이용약관</a>을 참고 바랍니다</a>."
}