{
	"langs":"English",
	"login": "LOGIN",
	"join": "JOIN NOW",
	"play": "PLAY NOW",
	"claim-now": "M스포츠",
	"claim-now2": "라이브 카지노",
	"claim-now3": "슬롯",
	"claim": "CLAIM NOW",
	"tnc": "이용약관",
	"tnc2": "이용약관",
	
	"txt1": "웰컴 프리벳 보너스",
	"txt2": "M88에서 준비한 특별 회원 한정 웰컴 프리벳 보너스로<br>스포츠, 라이브 카지노, 슬롯 등 다양하게 즐겨보세요!",
	"txt2-teaser": "Msports Bonus of up to 110% ",
	"cta": "https://record.sun988info.com/_7t8IP8FC1igRS7qvTD3EbWNd7ZgqdRLk/4/",
	"cta2": "https://record.sun988info.com/_7t8IP8FC1ihDyg4r942F92Nd7ZgqdRLk/5/",
	"cta3": "https://record.sun988info.com/_7t8IP8FC1ihuDN0TfpR1YmNd7ZgqdRLk/6/",

	"cta-m88": "https://m88.com/?lang=en-US", 

	"cta-sports": "https://record.cole5555.com/_G3k1L_8WHDDOnjKXCjfabmNd7ZgqdRLk/5/",
	"cta-live-casino": "https://record.cole5555.com/_G3k1L_8WHDDEX9RBfgZlSWNd7ZgqdRLk/5/",
	"cta-casino": "https://record.cole5555.com/_G3k1L_8WHDBSoMAiJn6q7WNd7ZgqdRLk/5/",
	"cta-knlt": "https://record.cole5555.com/_G3k1L_8WHDD_MhE-_hHyyWNd7ZgqdRLk/5/",

	"step1a": "M88 가입하기",
	"step1b": "빠르고 쉬운 가입",
	"step1b-mobi": "빠르고, 쉽게",
	"step2a": "입금하기",
	"step2b": "안전한 입금 방법 및 빠른 입금 처리",
	"step2b-mobi": "안전 & 보안",
	"step3a": "게임하기",
	"step3b": "지금 바로 승리의 여정을 시작하세요!",
	"step3b-mobi": "승리의 여정",

	"tiles-head": "M88 MANSION - YOUR GAMING DESTINATION",
	"sports": "Sports",
	"sports-txt": "We have lines of your favorite sports leagues and events with up to date odds and payouts.",
	"live-casino": "LIVE CASINO",
	"live-casino-txt": "M88 Mansion's lively dealers would make sure the experience is as if you're in a real casino.",
	"casino-fishing": "CASINO &<br> FISHING",
	"casino-fishing-txt": "Experience no lag when you play our casino and fishing games..",
	"keno-lotto": "KENO &<br> LOTTO",
	"keno-lotto-txt": "Play keno and lotto on M88 Mansion and you might just win the jackpot.",
	
	"slides-head": "all in one casino, the excitement of m88!",
	"m88-head": "why m88 MANSION?",
	"m88-feat-head1": "safe & secure gaming",
	"m88-feat-txt1": "M88 Mansion employs the best and latest security and encryption technologies, ensuring that players’ accounts and information are safe from online disruptors and hackers.",
	"m88-feat-head2": "variety of games",
	"m88-feat-txt2": "M88 Mansion offers a wide range of games from leading developers and distributors that could satisfy the palate of any discerning gamer.",
	"m88-feat-head3": "fast & better experience",
	"m88-feat-txt3": "We streamlined our website, making games and pages load faster so that players would not lose the adrenaline rush they experience when they play.",
	"m88-feat-head4": "improved look & feel",
	"m88-feat-txt4": "We underwent a massive facelift to remove the clutter, streamlining the look and feel of the website; leaving what is vital to the enjoyment of our patrons.",

	"bottom-head": "Start your journey with m88 now",
	"bottom-head-sub-about": "About M88 Mansion",
	"bottom-txt1": "M88 Mansion is an industry-leading online gaming platform offering sports betting, live casino, slots, lottery, and more to the Asian market. Founded in 2007, we take pride in providing customers with the best gaming experience in a secure, fair, and trusted environment.",
	"bottom-txt2": "From competitive sports betting odds to monthly promotions and bonuses, we offer exceptional value and unparalleled service. Innovation is at the heart of our business, as we continuously seek to develop new technologies, improve user experience, and broaden our game portfolio.",
	"bottom-head-sub2":"M88 Mansion is the Official Asian Partner of La Liga",
	"bottom-txt3": "M88 Mansion continues to team up with the biggest football brands in the world, forging an exclusive partnership with La Liga until the 2023-24 season as Official Regional Betting Partner in Asia. The two leading entities are working to expand the reach of each other, from organizing viewing parties to setting up the LaLiga Room on the M88 Mansion website, with more projects still in store.",

	"to-top": "맨 위로",

	"facebook": "https://www.facebook.com/M88Malaysia.my",
	"instagram": "https://www.instagram.com/m88malaysia/",
	"twitter": "https://twitter.com/M88Malaysia",
	"youtube": "https://www.youtube.com/channel/UCLQCeN8CVYye1DL2Xpq2IuA",
	"tiktok": "",


	"ftxt1": "Official Regional Partner",
	"ftxt1a": "2020 - 2024",
	"ftxt2": "AFC Bournemouth",
	"ftxt2a": "2015 - 2020",
	"ftxt3": "Crystal Palace",
	"ftxt3a": "2015 - 2017",
	"ftxt4": "Manchester City",
	"ftxt4a": "2011 - 2012",
	"ftxt5": "Tottemham Hotspurs",
	"ftxt5a": "2006 - 2010",

	"ftxt6": "당사는 다음을 지원하기 위해 노력하고 있습니다. <a href=\"javascript:openInNewWindow('https://help.m88.com/responsibleGaming_kr.asp',915,1000)\"><strong>건전한 게임 문화</strong></a>.",
	"ftxt7": "이용 약관에 동의; 자세한 내용은 프로모션 페이지를 참조하십시오.",
	"ftxt8": "M88.com은 특정 브라우저 쿠키를 사용하여 최상의 게임 환경을 제공합니다. 홈페이지에 접속하여 계속 사용하면 이러한 쿠키를 사용할 수 있습니다. 쿠키 사용에 대한 정보 및 쿠키 예방 방법은 M88의 <a href=\"javascript:openInNewWindow('https://help.m88.com/termOfUse_tc_kr.asp',915,1000)\">이용 약관</a> 을 참조하십시오."
}