{
	"langs":"Malaysian Ringgit",
	"link-m88":"<a href=\"https://m88.com/?lang=zh-CN\"><img class=\"desk-header\" src=\"assets/images/mlogo-desktop.svg\" alt=\"M88, LaLiga logos\"/><img class=\"mobi-header\" src=\"assets/images/mlogo-mobile.svg\" alt=\"M88, LaLiga logos\" /></a>",
	"login": "LOGIN",
	"join": "JOIN NOW",
	"play": "PLAY NOW",
	"claim": "立即开始",

	"claim-now-msports":"Msports",
	"claim-now-casino":"Casino",

	"tnc": "条款与规则",
	"tnc2": "迎宾奖金条款和规则",
	"tile-btn":"立即加入",
	
	"title": "TITLE HERE",
	
	"txt1": "TITLE BANNER HERE",
	"txt2": "SUB HEADER",
	"txt2-teaser": "TEASER CONTENT",
	"claim-now": "CTA LABEL",

	"step1a": "加入明陞M88",
	"step1b": "快速简单",
	"step1b-mobi": "快速简单",
	"step2a": "存款",
	"step2b": "2-5分钟安全快速入帐",
	"step2b-mobi": "2-5分钟安全快速入帐",
	"step3a": "享受游戏",
	"step3b": "开始你的胜利之旅！",
	"step3b-mobi": "开始你的胜利之旅！",

	"slides-head": "明陞M88采用最好及最新的安全和加密技术，确保玩家的账户和信息不会受到破坏者和黑客的攻击。",
	"m88-head": "明陞M88是您最佳的选择",
	"m88-feat-head1": "安全可靠的游戏",
	"m88-feat-txt1": "明陞M88采用最好及最新的安全和加密技术，确保玩家的账户和信息不会受到破坏者和黑客的攻击。",
	"m88-feat-head2": "各种游戏",
	"m88-feat-txt2": "明陞M88提供来自领先开发商和经销商的各种游戏，可以满足玩家各式各样的娱乐类型。",
	"m88-feat-head3": "快速和更好的体验",
	"m88-feat-txt3": "明陞M88简化了网站，使游戏和页面加载速度更快，这样玩家不会在兴奋之余破坏了您的游戏体验。",
	"m88-feat-head4": "优化外观和感受",
	"m88-feat-txt4": "我们优化了整体网站，除了使得网站更快速之于，还大大的编辑网站页面，相信会使您有更棒的游戏体验。",

	"bottom-head": "立即开始您的明陞M88旅程",
	"bottom-head-sub-about": "关于明陞M88",
	"bottom-txt1": "明陞M88是行业领先的在线游戏平台，为亚洲市场提供体育博彩、真人娱乐场、老虎机、彩票等。成立于 2007 年，我们以在安全、公平和值得信赖的环境中为客户提供最佳游戏体验而自豪。",
	"bottom-txt2": "每个月提供满满的活动与彩金，提供卓越的价值和无与伦比的服务。创新是我们业务的核心，因为我们不断寻求开发新技术、改善用户体验并扩大我们的游戏组合。",
	"bottom-head-sub2":"明陞M88是西甲官方亚洲合作伙伴",
	"bottom-txt3": "明陞M88一直以来与世界上最大的足球品牌合作，与西甲建立独家合作伙伴关系，直到 2023-24 赛季成为亚洲官方区域投注合作伙伴。双方优质的品牌，持续合作扩大彼此的影响力，未来将会提供更多的优质服务，敬请期待",

	"to-top": "回到顶部",

	"facebook": "",
	"instagram": "https://www.instagram.com/m88.cn/",
	"twitter": "",
	"youtube": "",
	"tiktok": "https://v.douyin.com/Lwa93nM/",

  "tiles-head": "明陞M88-您最佳的游戏平台",
  "tiles-desc": "明陞M88提供您最完善的娱乐及投注平台，立即发挥您的好运气吧！",

	"sports": "体育",
	"sports-txt": "我们有您最喜爱的大型赛事和比赛，并提供最新和最佳的赔率。",
	"live-casino": "真人",
	"live-casino-txt": "明陞M88亲切又专业的荷官，让您身临其境实体娱乐城的感受。",
	"casino-fishing": "老虎机与捕鱼",
	"casino-fishing-txt": "专业稳定的平台，游戏当中不会产生延迟或卡顿的画面。",
	"keno-lotto": "彩票",
	"keno-lotto-txt": "大奖随时等着您，享受快乐彩和彩票就到明陞M88。",

	"title-sponsors":"合作伙伴",
	"prev-sponsors":"前合作伙伴",
	"footer-laliga":"官方区域合作伙伴",
	"footer-bwf":"官方投注合作伙伴",
	"footer-ac":"官方合作伙伴",
	"footer-talon":"全球冠名赞助商",
	"footer-celeb":"M88 名人合作伙伴",
	"footer-ambassador":"M88大使",
	"footer-betting":"官方投注合作伙伴",
	"footer-mansion": "主要赞助商",

	"ftxt1": "官方区域合作伙伴",
	"ftxt1a": "2020 - 2024",
	"ftxt2": "伯恩茅斯足球队",
	"ftxt2a": "2015 - 2020",
	"ftxt3": "水晶宫",
	"ftxt3a": "2015 - 2017",
	"ftxt4": "曼切斯特城",
	"ftxt4a": "2011 - 2012",
	"ftxt5": "Tottemham Hotspurs",
	"ftxt5a": "2006 - 2010",

	"ftxt6": "M88.com一直致力支持<a href=\"https://help.m88.com/responsibleGaming_cs.asp\" target=\"_blank\" class=\"link\"><strong>责任博彩</strong></a>",
	"ftxt7": "条款和规则， 请参阅活动页面了解更多详情。",
	"ftxt8": "为提供您个人化且即时的服务，本网站透过使用\"Cookies\"记录与存取您的浏览使用讯息，继续使用网站，即表明您同意 cookie 及其他类似技术的使用。<br>有关我们使用 cookie 以及如何防止它们的信息，请参阅明陞M88 的<a href=\"https://help.m88.com/termOfUse_tc_cs.asp\" target=\"_blank\"><strong>使用条款</strong></a>。"
}