{
	"ftxt1": "พันธมิตรอย่างเป็นทางการ",
	"ftxt2": "เอเอฟซี บอร์นมัธ",
	"ftxt3": "สโมสรฟุตบอล คริสตัลพาเลซ",
	"ftxt4": "สโมสรฟุตบอล แมนเชสเตอร์ซิตี",
	"ftxt5": "TOTTENHAM HOTSPURS",
	"ftxt6": "M88 มุ่งมั่นที่จะสนับสนุน <a href=\"javascript:openInNewWindow('https://help.m88.com/responsibleGaming_th.asp',915,1000)\" class=\"link\"><strong>การเล่นเกมอย่างรับผิดชอบ</strong></a>",
	"txt1": "12 วันแห่งคริสต์มาสกับ M88",
	"txt2": "เล่นเรื่อยๆเพื่อรับฟรีเบท <span class=\"highlight\">708 บาท</span> +<br><span class=\"line1\">ของรางวัลมูลค่าสูงถึง <span class=\"highlight\">1,150 บาท!</span></span>",
	"txt4": "ขอรับตอนนี้",
	"txt7": "ดูตอนนี้",
	"txt5": "ข้อกําหนดและเงื่อนไข",
	"txt6": "<li><p>โปรโมชั่นใช้ได้กับสมาชิกใหม่ของ M88 ที่อาศัยอยู่ในประเทศไทย สมัครตั้งแต่วันที่ 1 ธันวาคม พ.ศ. 2564 เวลา 00:00:0 น. ถึง 24 ธันวาคม พ.ศ. 2564 เวลา 23:59:0 น. (GMT+8)</p></li><li><p>โปรโมชั่นนี้เปิดให้สมาชิกใหม่และสมาชิกที่ไม่เคยทำการฝากเงิน</p></li><li><p>ผู้เล่นใหม่มีสิทธิ์ได้รับฟรีเบท 708 บาท ในผลิตภัณฑ์ใดๆ ต่อไปนี้:</p></li><table><thead><tr><th>ผลิตภัณฑ์</th><th>โบนัสสูงสุด </th><th>ยอดเดิมพันหมุนเวียน</th></tr></thead><tbody><tr><td>เอ็มสปอร์ต</td><td>708 บาท</td><td>5 เท่า</td></tr><tr><td>SABA</td><td>708 บาท</td><td>5 เท่า</td></tr><tr><td>คาสิโนสล็อต</td><td>708 บาท </td><td>8 เท่า</td></tr><tr><td>คาสิโนสด</td><td>708 บาท</td><td>8 เท่า</td></tr></tbody></table><li><p>สมาชิกใหม่ที่อาศัยอยู่ในประเทศไทย สมัครตั้งแต่วันที่ 1 ธันวาคม 2564 เวลา 00:00:0 น. ถึง 12 ธันวาคม 2564 เวลา 23:59:0 น. (GMT+8) มีสิทธิ์รับของขวัญลึกลับจาก M88</p></li><li><p>เพื่อให้เข้าเงื่อนไข ผู้เล่นจะต้องฝากเงินขั้นต่ำ 250 บาท และทำยอดเดิมพันหมุนเวียนขั้นต่ำให้ครบ ตั้งแต่ 1 ธันวาคม 2564 ถึง 24 ธันวาคม 2564 ใน 1 รายการ จากผลิตภัณฑ์ตามด้านล่างนี้:</p></li><table><thead><tr><th>ผลิตภัณฑ์</th><th>ยอดเดิมพันหมุนเวียนขั้นต่ำ</th></tr></thead><tbody><tr><td>เอ็มสปอร์ต </td><td>16,207 บาท</td></tr><tr><td>SABA </td><td>70,727 บาท </td></tr><tr><td>คาสิโนสล็อต </td><td>8,536 บาท</td></tr><tr><td>คาสิโนสด</td><td>33,407 บาท </td></tr></tbody></table><li><p>ผู้เล่นที่มีคุณสมบัติตรงตามข้อกำหนดจะได้รับของขวัญลึกลับตั้งแต่วันที่ 13 ธันวาคม พ.ศ. 2564 ถึง 24 ธันวาคม พ.ศ. 2564 และจะถูกสุ่มเลือกเพื่อรับรางวัลเหล่านี้อย่างใดอย่างหนึ่ง:</p></li><table><thead><tr><th>รางวัล</th><th>จำนวน </th><th>ยอดเดิมพันหมุนเวียน</th></tr></thead><tbody><tr><td>Marshall Mode II earbuds</td><td>1,150 บาท</td><td>28 เท่า</td></tr><tr><td>Samsung Galaxy Buds 2​</td><td>960 บาท</td><td>28 เท่า</td></tr><tr><td>La Liga Jersey</td><td>832 บาท</td><td>28 เท่า</td></tr><tr><td>JBL Charge 4​ </td><td>256 บาท</td><td>28 เท่า</td></tr><tr><td>Marshall Emberton Bluetooth Speaker​</td><td>960 บาท </td><td>28 เท่า</td></tr><tr><td>ฟรีเบท 708 บาท เอ็มสปอร์ต </td><td>708 บาท</td><td>5 เท่า</td></tr><tr><td>88 ฟรีสปิน คาสิโนสล็อต (PP)​</td><td>88 ฟรีสปิน</td><td>6 เท่า</td></tr><tr><td>ฟรีเบท คาสิโน</td><td>224 บาท </td><td>3 เท่า</td></tr><tr><td>ฟรีเบท คาสิโนสด</td><td>224 บาท</td><td>8 เท่า</td></tr><tr><td>ฟรีเบท SABA</td><td>304 บาท </td><td>6 เท่า</td></tr><tr><td>โบนัสเงินสด </td><td>1,504 บาท</td><td>1 เท่า</td></tr><tr><td>ฟรีเบท ลาลีการูม </td><td>704 บาท</td><td>5 เท่า</td></tr></tbody></table><li><p>ผู้เล่น 12 อันดับแรกจะถูกเลือกเมื่อสิ้นสุดระยะเวลาโปรโมชั่นเพื่อรับรางวัลข้างต้น คลิกที่นี่ เพื่อดูลีดเดอร์บอร์ด</p></li><li><p>ผู้เล่นที่เดิมพันสูงสุดจะได้อันดับ #1 บนลีดเดอร์บอร์ด หากมีผู้เล่นมากกว่าหนึ่งคนที่มียอดเดิมพันเท่ากัน ผู้เล่นที่ได้อันดับ 1 ก่อนจะได้รับตำแหน่งสูงสุดในลีดเดอร์บอร์ด</p></li><li><p>ผู้เล่นต้องติดต่อฝ่ายบริการลูกค้าผ่าน แชทสด เพื่อรับรางวัล โดยต้องแจ้งชื่อ-นามสกุล ที่อยู่ และเบอร์ติดต่อไว้</p></li><li><p>ฟรีสปินมียอดเดิมพันหมุนเวียน 6 เท่าก่อนถอนเงินรางวัล</p></li><li><p>ฟรีเบทใน เอ็มสปอร์ต และ SABA มียอดเดิมพันหมุนเวียน 5 เท่า ก่อนถอนเงินรางวัล</p></li><li><p>ฟรีเบทใน คาสิโนสดมียอดเดิมพันหมุนเวียน 8 เท่า ก่อนถอนเงินรางวัล</p></li><li><p>รางวัลสามารถเปลี่ยนเป็นฟรีเบทได้สูงถึง 20% ของมูลค่ารางวัลจริง โดยมียอดเดิมพันหมุนเวียน 28 เท่า</p></li><li><p>ต้องทำยอดเดิมพันหมุนเวียนให้ครบภายใน 7 วัน เพื่อป้องกันการริบโบนัสและจำนวนเงินที่ชนะ</p></li><li><p>ลีดเดอร์บอร์ดจะอัปเดตเมื่อสิ้นสุดระยะเวลาโปรโมชั่น ผู้ชนะจะได้รับรางวัลฟรีสปิน ในวันที่ 27 ธันวาคม 2564 เวลา 15:0 น. (GMT+8)</p></li><li><p>เฉพาะการเดิมพันเงินจริงบนคาสิโนสล็อตเท่านั้นที่นับรวมในโปรโมชั่นนี้</p></li><li><p>ผู้เล่นต้องทำการฝากเงินขั้นต่ำ 250 บาท จึงจะสามารถถอนเงินรางวัลได้</p></li><li><p>โบนัสจะถูกแลกโดยอัตโนมัติหากยอดเงินคงเหลือต่ำกว่า 1 บาท</p></li><li><p>รายการเดิมพันที่เสมอ โมฆะ เดิมพันทั้งสองฝั่ง เดิมพันราคาน้ำเดซิมอล 1.5 ราคาน้ำมาเลย์ .5 ราคาน้ำฮ่องกง .5 ราคาน้ำอินโด -2 ราคาน้ำเหล่านี้ต่ำกว่าหรือเทียบเท่า และการเดิมพันใน เกมส์ที่ไม่เข้าร่วม จะไม่สามารถนำมาคำนวณในยอดเดิมพันรวม และยอดเดิมพันหมุนเวียนได้ คลิกที่นี่ เพื่อดูรายชื่อเกมส์ที่ไม่เข้าร่วม</p></li><li><p>M88 ขอสงวนสิทธิ์ในการเปลี่ยนแปลงปรับปรุงแก้ไขหรือยกเลิกโปรโมชั่นนี้ได้ตลอดเวลา</p></li><li><p>ข้อตกลงทั่วไปและเงื่อนไขการใช้งานโปรโมชั่น</p></li>",
	"cta": "https://record.cole5555.com/_K1nKDoetzKUysOMpZep-XGNd7ZgqdRLk/4/"
}