{
  "langs": "Vietnam",
  "link-m88": "<a href=\"https://m88.com/?lang=vi-VN\"><img class=\"desk-header\" src=\"assets/images/mlogo-desktop.svg\" alt=\"M88, LaLiga logos\" /><img class=\"mobi-header\" src=\"assets/images/mlogo-mobile.svg\" alt=\"M88, LaLiga logos\" /></a>",
  "login": "LOGIN",
  "join": "JOIN NOW",
  "play": "PLAY NOW",
  "claim": "NHẬN NGAY",

  "claim-now-msports": "NHẬN TẠI M THỂ THAO",
  "claim-now-casino": "Casino",

  "tnc": "ĐIỀU KIỆN & ĐIỀU KHOẢN",
  "tnc2": "ĐIỀU KHOẢN & ĐIỀU KIỆN THƯỞNG CHÀO MỪNG",
  "tile-btn": "THAM GIA NGAY",

  "title": "TẶNG CƯỢC THUA",

  "txt1": "TẶNG CƯỢC THUA",
  "txt2": "HOÀN TIỀN 100% LÊN ĐẾN 488 VND",
  "txt2-teaser": "TEASER CONTENT",
  "claim-now": "THAM GIA NGAY",

  "step1a": "ĐĂNG KÝ M88",
  "step1b": "Nhanh chóng và dễ dàng",
  "step1b-mobi": "Nhanh chóng & dễ dàng ",
  "step2a": "GỬI TIỀN",
  "step2b": "Cập nhật trong 2-5 phút!",
  "step2b-mobi": "An toàn  ",
  "step3a": "THAM GIA",
  "step3b": "Bắt đầu hành trình chiến thắng của bạn ngay!",
  "step3b-mobi": "Bắt đầu chiến thắng",

  "slides-head": "M88 MANSION- ĐIỂM ĐẾN CÁ CƯỢC CỦA BẠN",
  "m88-head": "TẠI SAO CHỌN M88 MANSION?",
  "m88-feat-head1": "Chơi game an toàn và bảo mật",
  "m88-feat-txt1": "M88 Mansion sử dụng các công nghệ mã hóa và bảo mật tốt và mới nhất, đảm bảo tài khoản và thông tin của người chơi được an toàn trước những kẻ gây rối và hacker trực tuyến.",
  "m88-feat-head2": "Đa dạng trò chơi",
  "m88-feat-txt2": "M88 Mansion cung cấp nhiều loại trò chơi từ các nhà phát triển và phân phối game hàng đầu, có thể làm hài lòng khẩu vị của bất kỳ game thủ sành điệu nào.",
  "m88-feat-head3": "Trải nghiệm tốt hơn và nhanh hơn",
  "m88-feat-txt3": "Chúng tôi đã sắp xếp trang web hợp lý, giúp tải trò chơi nhanh hơn để không ảnh hưởng đến trải nghiệm của người chơi.",
  "m88-feat-head4": "Cải thiện giao diện và cảm nhận",
  "m88-feat-txt4": "Chúng tôi đã cho nâng cấp lại hệ thống nhằm loại bỏ một số lỗi, thay đổi giao diện trang web phù hợp với người chơi, và làm nổi bật những tính năng quan trọng, được yêu thích bởi khách hàng quen của chúng tôi. ",

  "bottom-head": "BẮT ĐẦU HÀNH TRÌNH CÙNG M88 MANSION",
  "bottom-head-sub-about": "Về M88 Mansion",
  "bottom-txt1": "M88 Mansion là trang cá cược trực tuyến hàng đầu trong ngành cá cược thể thao, casino trực tiếp, slots, xổ số, v.v. tại thị trường Châu Á. Được thành lập vào năm 2007, chúng tôi tự hào mang đến cho khách hàng trải nghiệm chơi game tốt nhất trong môi trường an toàn, công bằng và đáng tin cậy.",
  "bottom-txt2": "Từ tỷ lệ cược thể thao cạnh tranh đến các chương trình khuyến mãi và tiền thưởng hấp dẫn mỗi tháng, chúng tôi cung cấp dịch vụ có giá trị đặc biệt và tuyệt vời. Mục tiêu hàng đầu của chúng tôi là đổi mới, thông qua việc liên tục tìm kiếm và áp dụng công nghệ mới, cải thiện trải nghiệm người dùng và mở rộng danh mục trò chơi của mình.",
  "bottom-head-sub2": "M88 Mansion là Đối tác Cá cược Chính thức của La Liga tại Châu Á ",
  "bottom-txt3": "M88 Mansion tiếp tục hợp tác với các thương hiệu bóng đá lớn nhất thế giới, thiết lập quan hệ đối tác độc quyền với La Liga cho đến mùa giải 2023-24 với tư cách là Đối tác cá cược khu vực chính thức ở Châu Á. Hai đơn vị hàng đầu hỗ trợ nhau trong việc tăng nhận diện thương hiệu, từ tổ chức các bữa tiệc xem phim đến tạo nên LaLiga Room trên trang web M88 Mansion, và nhiều dự án vẫn đang được triển khai.",

  "claim-btn-mobi": "<a href=\"https://record.brave158.com/_6arXuzpPn2wlu5cdA8BczmNd7ZgqdRLk/2/\">Tham Gia Ngay</a>",

  "to-top": "QUAY TRỞ LẠI ĐẦU TRANG",

  "facebook": "https://www.facebook.com/M88OfficialVN",
  "instagram": "https://www.instagram.com/mansion88.vietnam/",
  "twitter": "https://twitter.com/M88_VIETNAM",
  "youtube": "https://www.youtube.com/channel/UCMJ7sxvxcDowyTrQQvMSciw",
  "none": "",

  "tiles-head": "M88 MANSION - ĐIỂM ĐẾN CÁ CƯỢC CỦA BẠN",
  "tiles-desc": "M88 Mansion cung cấp đa dạng trò chơi và hình thức cược. Hãy thử ngay hôm nay.",

  "sports": "Thể thao",
  "sports-txt": "Chúng tôi mang đến vô số giải đấu và sự kiện thể thao hấp dẫn với tỷ lệ cược và các khoản thanh toán luôn được cập nhật mới nhất.",
  "live-casino": "Casino Trực Tuyến",
  "live-casino-txt": "Người chia bài của M88 Mansion mang đến trải nghiệm như đang chơi tại sòng bài thực thụ.",
  "casino-fishing": "Casino & Bắn cá",
  "casino-fishing-txt": "Trải nghiệm chơi các trò casino và bắn cá cực nhanh cực nét.",
  "keno-lotto": "Keno & Lotto",
  "keno-lotto-txt": "Tham gia keno & lotto tại M88 Mansion và bạn có thể sẽ trúng giải độc đắc.",

  "title-sponsors": "TỰ HÀO TÀI TRỢ",
  "prev-sponsors": "TÀI TRỢ TRƯỚC ĐÂY",
  "footer-laliga": "Đối Tác Khu Vực <br/> Chính Thức",
  "footer-bwf": "Đối Tác Cá Cược <br/> Chính Thức",
  "footer-ac": " Đối Tác Casino <br/> Chính Thức",
  "footer-talon": " Danh Hiệu Tài Trợ <br/> Quốc Tế",
  "footer-celeb": " Đối Tác Nổi <br/> Tiếng M88",
  "footer-ambassador": "Đại Diện M88",
  "footer-betting": "Đối Tác Cá Cược <br/> Chính Thức",
  "footer-mansion": "Tài Trợ Chính",

  "ftxt1": "ĐỐI TÁC KHU VỰC CHÍNH THỨC",
  "ftxt1a": "2020 - 2024",
  "ftxt2": "AFC Bournemouth",
  "ftxt2a": "2015 - 2020",
  "ftxt3": "Crystal Palace",
  "ftxt3a": "2015 - 2017",
  "ftxt4": "Manchester City",
  "ftxt4a": "2011 - 2012",
  "ftxt5": "Tottemham Hotspurs",
  "ftxt5a": "2006 - 2010",

  "ftxt6": "M88 cam kết hỗ trợ <a href=\"https://help.m88.com/responsibleGaming_vn.asp\" target=\"_blank\" class=\"link\"><strong>Chơi Game Có Trách Nhiệm</strong></a>.",
  "ftxt7": "Điều khoản và điều kiện áp dụng. Vui lòng tham khảo trang khuyến mãi để biết thêm chi tiết.",
  "ftxt8": "M88.com sử dụng một số cookie của trình duyệt nhất định để đảm bảo bạn nhận được trải nghiệm chơi game tốt nhất. Bằng cách truy cập và tiếp tục sử dụng trang web, bạn chấp nhận việc sử dụng các cookie này.<br> Để biết thông tin về việc chúng tôi sử dụng cookie và cách ngăn chặn chúng, vui lòng tham khảo điều khoản sử <a href=\"https://help.m88.com/termOfUse_tc_vn.asp\" target=\"_blank\"><strong>dụng của M88</strong></a>."
}
