{
	"ftxt1": "ĐỐI TÁC KHU VỰC CHÍNH THỨC",
	"ftxt2": "AFC BOURNEMOUTH",
	"ftxt3": "CRYSTAL PALACE",
	"ftxt4": "MANCHESTER CITY",
	"ftxt5": "TOTTENHAM HOTSPURS",
	"ftxt6": "M88 cam kết hỗ trợ <a href=\"javascript:openInNewWindow('https://help.m88.com/responsibleGaming_vn.asp',915,1000)\" class=\"link\"><strong>Game Có Trách Nhiệm</strong></a>",
	"txt1": "12 NGÀY GIÁNG SINH CÙNG M88",
	"txt2": "LIÊN TỤC CHƠI VÀ NHẬN <span class=\"highlight\">508K</span> CƯỢC MIỄN PHÍ<br><span class=\"line1\">THÊM THƯỞNG LÊN ĐẾN <span class=\"highlight\">828K!</span></span>",
	"txt4": "NHẬN NGAY",
	"txt7": "XEM NGAY",
	"txt5": "Điều Kiện & Điều Khoản",
	"txt6": "<li><p>Khuyến mãi dành cho thành viên mới đăng ký tiền tệ VND diễn ra từ 00:00:0 01/12/2021 đến 23:59:0 ngày 24/12/2021 (GMT+8).</p></li><li><p>Khuyến mãi dành cho thành viên mới và thành viên chưa từng gửi tiền vào M88.</p></li><li><p>Thành viên mới hợp lệ nhận một lần 508 VND tại bất kỳ sản phẩm nào dưới đây.</p></li><table><thead><tr><th>SẢN PHẨM</th><th>THƯỞNG TỐI ĐA</th><th>VÒNG CƯỢC</th></tr></thead><tbody><tr><td>M THỂ THAO</td><td>508 VND</td><td>5X</td></tr><tr><td>SABA</td><td>508 VND</td><td>5X</td></tr><tr><td>CASINO SLOTS</td><td>508 VND</td><td>8X</td></tr><tr><td>CASINO TRỰC TUYẾN</td><td>508 VND</td><td>8X</td></tr></tbody></table><li><p>Thành viên M88 đăng ký tài khoản trong thời gian 00:00:0 ngày 01/12 đến 23:59:0 ngày 12/12 2021 thì hợp lệ nhận thưởng từ M88.</p></li><li><p>Để hợp lệ,thành viên cần có khoản gửi và đạt doanh thu tối thiểu trong thời gian 01/12/2021 đến 24/12/2021 (GMT+8) tại một (01) trong những sản phẩm sau:</p></li><table><thead><tr><th>SẢN PHẨM</th><th>DOANH THU TỐI THIỂU</th></tr></thead><tbody><tr><td>M THỂ THAO</td><td>32,354 VND</td></tr><tr><td>SABA</td><td>62,067 VND</td></tr><tr><td>CASINO SLOTS</td><td>8,599 VND</td></tr><tr><td>CASINO TRỰC TUYẾN</td><td>102,964 VND</td></tr></tbody></table><li><p>Thành viên đủ điều kiện doanh thu cược sẽ nhận những phần quà huyền bí bắt đầu từ 13/12/2021 đến 24/12/2021 vã sẽ được chọn ngẫu nhiên nhận quà theo danh sách sau:</p></li><table><thead><tr><th>GIẢI THƯỞNG</th><th>TIỀN THƯỞNG</th><th>VÒNG CƯỢC</th></tr></thead><tbody><tr><td>Marshall Mode II earbuds​</td><td>VND 828K</td><td>28X</td></tr><tr><td>Tai nghe Samsung Galaxy Buds 2​</td><td>VND 690K</td><td>28X</td></tr><tr><td>Áo đấu La Liga</td><td>VND 598K</td><td>28X</td></tr><tr><td>Loa JBL Charge 4</td><td>VND 184K</td><td>28X</td></tr><tr><td>Loa Bluetooth Marshall Emberton</td><td>VND 690K</td><td>28X</td></tr><tr><td>Cược miễn phí M Thể thao 508 VND</td><td>508 VND</td><td>5X</td></tr><tr><td>88 Freespin Casino Slots (PP)</td><td>88 Freespin</td><td>6X</td></tr><tr><td>Cược miễn phí Casino VND 161</td><td>VND 161</td><td>3X</td></tr><tr><td>Cược miễn phí Casino VND 161</td><td>VND 161</td><td>8X</td></tr><tr><td>Cược miễn phí SABA​ VND 218</td><td>VND 218</td><td>6X</td></tr><tr><td>Tiền thưởng VND 1081 cược x1</td><td>VND 1081</td><td>1X</td></tr><tr><td>Cược miễn phí La Liga Room VND 506</td><td>VND 506</td><td>5X</td></tr></tbody></table><li><p>Top 12 thành viên sẽ được chọn vào cuối chương trình khuyến mãi để nhận những giải thưởng trên. Nhấp vào đây để xem danh sách Người dẫn đầu.</p></li><li><p>Thành viên có tổng cược cao nhất sẽ được xếp hạng #1 trên bảng xếp hạng. Nếu có nhiều hơn một thành viên đạt cùng tổng cược,thành viên nào đạt tổng cược trước sẽ xếp hạng cao nhất trên Bảng xếp hạng.</p></li><li><p>Thành viên cần cung cấp tên,địa chỉ,số điện thoại và liên hệ Hỗ trợ trực tuyến để nhận thưởng.</p></li><li><p>Freespins cần trải qua 6 vòng cược trước khi rút tiền.</p></li><li><p>Tiền cược miễn phí tại M Thể thao và Saba cần trải qua 5 vòng cược trước khi rút tiền.</p></li><li><p>Tiền cược miễn phí tại Casino cần trải qua 8 vòng cược trước khi rút tiền.</p></li><li><p>Phần thưởng được đổi qua tiền cược lên đến 20% giá trị giải thưởng,cần trải qua 28 vòng cược.</p></li><li><p>Số vòng cược cần phải hoàn tất trong vòng 07 ngày để tránh bị huỷ tiền khuyến mãi và tiền thắng cược.</p></li><li><p>Bảng xếp hạng Người dẫn đầu sẽ được cập nhật vào cuối chương trình khuyến mãi. Người thắng cuộc sẽ được trao thưởng freespins vào lúc 15:0 ngày 27/12/21 (GMT+8).</p></li><li><p>Chỉ các cược tiền thật tại Casino slot mới được tính vào doanh thu.</p></li><li><p>Thành viên cần có ít nhất 1 khoản gửi tiền tối thiểu trước khi rút tiền.</p></li><li><p>Các yêu cầu tái đặt cược theo quy định sẽ được loại bỏ tự động trong trường hợp tài khoản của Quý khách có số dư dưới hoặc bằng 1VND.</p></li><li><p>Tất cả cược HÒA,cược HỦY,cược 2 BÊN,các kiểu cược HK có tỷ lệ dưới .5 (tương tự cho các kiểu cược khác như Malay odd dưới .5;Indo odd dưới -2;và Dec odd dưới 1.5),và tất cả trò chơi trong danh sách ngoại lệ bên trên sẽ không được đưa vào tổng tiền tái đặt cược.</p></li><li><p>M88 có quyền quyết định cuối cùng.</p></li><li><p>Các quy định chung của chương trình khuyến mãi được áp dụng.</p></li>",
	"cta": "https://record.brave158.com/_K1nKDoetzKUlu5cdA8BczmNd7ZgqdRLk/3/"
}