{
  "langs": "Vietnam",
  "link-m88": "<a href=\"https://m88.com/?lang=vi-VN\"><img class=\"desk-header\" src=\"assets/images/mlogo-desktop.svg\" alt=\"M88, LaLiga logos\" /><img class=\"mobi-header\" src=\"assets/images/mlogo-mobile.svg\" alt=\"M88, LaLiga logos\" /></a>",
  "login": "LOGIN",
  "join": "JOIN NOW",
  "play": "PLAY NOW",
  "claim-now": "NHẬN NGAY",
  "claim": "NHẬN NGAY",

  "claim-now-msports": "NHẬN TẠI M THỂ THAO",
  "claim-now-casino": "Casino",

  "tnc": "ĐIỀU KIỆN & ĐIỀU KHOẢN",
  "tnc2": "ĐIỀU KHOẢN & ĐIỀU KIỆN THƯỞNG CHÀO MỪNG",
  "tile-btn": "ĐI NGAY",

  "title": "IT'S THE SHIP",

  "txt1": "BẠN VỪA TRÚNG JACKPOT <br> CÙNG M88",
  "txt2": "CHƠI MIỄN PHÍ VỚI 188 VND!",
  "txt2-teaser": "TRANH CHỨC VÔ ĐỊCH VÀ NHẬN 198 VND!",
  "claim-now-default": "NHẬN NGAY",

  "step1a": "ĐĂNG KÝ M88",
  "step1b": "Nhanh chóng và dễ dàng",
  "step1b-mobi": "Nhanh chóng & dễ dàng ",
  "step2a": "GỬI TIỀN",
  "step2b": "Cập nhật trong 2-5 phút!",
  "step2b-mobi": "An toàn  ",
  "step3a": "THAM GIA",
  "step3b": "Bắt đầu hành trình chiến thắng của bạn ngay!",
  "step3b-mobi": "Bắt đầu chiến thắng",

  "slides-head": "all in one casino, the excitement of m88!",
  "m88-head": "Tại sao M88 Mansion",
  "m88-feat-head1": "Chơi Game An Toàn & Bảo Mật",
  "m88-feat-txt1": "M88 Mansion sử dụng các công nghệ mã hóa và bảo mật tốt nhất, mới nhất, đảm bảo rằng tài khoản và thông tin của người chơi được an toàn trước những kẻ phá rối và tin tặc trực tuyến.",
  "m88-feat-head2": "Trò Chơi Đa Dạng",
  "m88-feat-txt2": "M88 Mansion cung cấp đa dạng các trò chơi từ nhà phát triển và phân phối game hàng đầu nhằm đáp ứng nhu cầu của bất kỳ game thủ sành điệu nào.",
  "m88-feat-head3": "Trải Nghiệm Nhanh & Tốt Hơn",
  "m88-feat-txt3": "Chúng tôi luôn cải tiến trang web của mình, giúp trò chơi và trang tải nhanh hơn để người chơi không bị mất cảm giác adrenaline mà họ trải qua khi chơi.",
  "m88-feat-head4": "CẢI THIỆN NGOẠI HÌNH & CẢM GIÁC",
  "m88-feat-txt4": "Chúng tôi đã có những cải tiến lớn để loại bỏ những chi tiết dư thừa, hợp lý hóa giao diện của trang web; chỉ để lại những gì quan trọng đối với những khách hàng quen của chúng tôi.",

  "bottom-head": "Bắt Đầu Chiến Thắng Với M88 Mansion Ngay",
  "bottom-head-sub-about": "Về M88 Mansion",
  "bottom-txt1": "M88 Mansion là trang web hàng đầu trong ngành cá cược trực tuyến cung cấp kèo cược thể thao, casino trực tuyến, máy xèng, xổ số, v.v. cho thị trường Châu Á. Được thành lập vào năm 2007, chúng tôi tự hào trong việc cung cấp cho khách hàng trải nghiệm chơi game tốt nhất trong môi trường an toàn, công bằng và đáng tin cậy.",
  "bottom-txt2": "Từ tỷ lệ cá cược thể thao cạnh tranh đến các chương trình khuyến mãi và tiền thưởng hàng tháng, chúng tôi cung cấp dịch vụ vượt trội và chưa từng có đến nay. Đổi mới là trọng tâm của công việc kinh doanh của chúng tôi, vì chúng tôi liên tục phát triển các công nghệ mới, cải thiện trải nghiệm người dùng và mở rộng danh mục trò chơi của mình.",
  "bottom-head-sub2": "M88 Mansion Là Đối Tác Khu Vực Chính Thức Của La Liga Tại Châu Á",
  "bottom-txt3": "M88 Mansion tiếp tục hợp tác với các thương hiệu bóng đá lớn nhất trên thế giới, xây dựng mối quan hệ đối tác độc quyền với La Liga cho đến mùa giải 2023-24 với tư cách là Đối tác Cá cược Khu vực Chính thức tại Châu Á. Hai đơn vị hàng đầu đang làm việc để mở rộng phạm vi tiếp cận của nhau, từ tổ chức các bữa tiệc xem bóng đá đến thiết lập LaLiga Room trên trang M88 Mansion, và còn nhiều dự án khác vẫn đang được triển khai.",

  "claim-btn-mobi": "<a href=\"https://record.brave158.com/_6arXuzpPn2wlu5cdA8BczmNd7ZgqdRLk/2/\">Tham Gia Ngay</a>",

  "to-top": "QUAY TRỞ LẠI ĐẦU TRANG",

  "facebook": "https://www.facebook.com/M88OfficialVN",
  "instagram": "https://www.instagram.com/mansion88.vietnam/",
  "twitter": "https://twitter.com/M88_VIETNAM",
  "youtube": "https://www.youtube.com/channel/UCMJ7sxvxcDowyTrQQvMSciw",
  "none": "",

  "tiles-head": "M88 MANSION - ĐIỂM ĐẾN CÁ CƯỢC CỦA BẠN",
  "tiles-desc": "M88 Mansion cung cấp đa dạng trò chơi và hình thức cược. Hãy thử ngay hôm nay.",

  "sports": "Thể thao",
  "sports-txt": "Chúng tôi mang đến hàng trăm giải đấu và sự kiện thể thao mà bạn yêu thích với tỷ lệ cược và các khoản thanh toán luôn được cập nhật mới.",
  "live-casino": "Casino Trực Tuyến",
  "live-casino-txt": "Người chia bài tại M88 Mansion sẽ đảm bảo cho bạn có những trải nghiệm như đang chơi tại sòng bài thật sự.",
  "casino-fishing": "Casino & Bắn cá",
  "casino-fishing-txt": "Trải nghiệm chơi các trò casino và bắn cá cực nhanh cực nét.",
  "keno-lotto": "Keno & Lotto",
  "keno-lotto-txt": "Tham gia keno & lotto tại M88 Mansion và bạn có thể sẽ trúng giải độc đắc.",

  "title-sponsors": "TỰ HÀO TÀI TRỢ",
  "prev-sponsors": "TÀI TRỢ TRƯỚC ĐÂY",
  "footer-laliga": "Đối Tác Khu Vực <br/> Chính Thức",
  "footer-bwf": "Đối Tác Cá Cược <br/> Chính Thức",
  "footer-ac": " Đối Tác Casino <br/> Chính Thức",
  "footer-talon": " Danh Hiệu Tài Trợ <br/> Quốc Tế",
  "footer-celeb": " Đối Tác Nổi <br/> Tiếng M88",
  "footer-ambassador": "Đại Diện M88",
  "footer-betting": "Đối Tác Cá Cược <br/> Chính Thức",

  "ftxt1": "ĐỐI TÁC KHU VỰC CHÍNH THỨC",
  "ftxt1a": "2020 - 2024",
  "ftxt2": "AFC Bournemouth",
  "ftxt2a": "2015 - 2020",
  "ftxt3": "Crystal Palace",
  "ftxt3a": "2015 - 2017",
  "ftxt4": "Manchester City",
  "ftxt4a": "2011 - 2012",
  "ftxt5": "Tottemham Hotspurs",
  "ftxt5a": "2006 - 2010",

  "ftxt6": "M88 cam kết hỗ trợ <a href=\"https://help.m88.com/responsibleGaming_vn.asp\" target=\"_blank\" class=\"link\"><strong>Chơi Game Có Trách Nhiệm</strong></a>.",
  "ftxt7": "Điều khoản và điều kiện áp dụng. Vui lòng tham khảo trang khuyến mãi để biết thêm chi tiết.",
  "ftxt8": "M88.com sử dụng một số cookie của trình duyệt nhất định để đảm bảo bạn nhận được trải nghiệm chơi game tốt nhất. Bằng cách truy cập và tiếp tục sử dụng trang web, bạn chấp nhận việc sử dụng các cookie này.<br> Để biết thông tin về việc chúng tôi sử dụng cookie và cách ngăn chặn chúng, vui lòng tham khảo điều khoản sử <a href=\"https://help.m88.com/termOfUse_tc_vn.asp\" target=\"_blank\"><strong>dụng của M88</strong></a>."
}
