{
	"lang": "th-TH",
	"langs": "ไทย",
	"title": "M88 Mansion อีสปอร์ต | ดีที่สุดในเอเชีย",

	"register": "REGISTER",

	"banner-h1": "M88 Mansion อีสปอร์ต<br> ดีที่สุดในเอเชีย",

  "join": "เข้าร่วมตอนนี้",
  "join-link": "https://record.cole5555.com/_QsTeIXIJ6xcysOMpZep-XGNd7ZgqdRLk/8/",

  "promos": "โปรโมชั่น",

  "promo1-link": "https://record.cole5555.com/_QsTeIXIJ6xcysOMpZep-XGNd7ZgqdRLk/3/",
  "promo2-link": "https://record.cole5555.com/_QsTeIXIJ6xcysOMpZep-XGNd7ZgqdRLk/8/",
  "promo3-link": "https://record.cole5555.com/_AXUdM4NAb0sysOMpZep-XGNd7ZgqdRLk/22/",

  "promo1-img": "./assets/img/promo/Welcome-Bonus-Banner_648x378_TH.jpg",
  "promo2-img": "./assets/img/promo/Rebate-Banner_648x378_TH.jpg",
  "promo3-img": "./assets/img/promo/Spin2Win_TH_648x378.jpg",

  "discord-link": "https://discord.gg/M88esports",
  "facebook-link": "https://facebook.com/m88esports",
  "instagram-link": "https://instagram.com/m88esports",
  "twitter-link": "https://twitter.com/m88esports",
  "youtube-link": "https://www.youtube.com/channel/UCJ--uQjvxtUh21dT0H7sMKQ",
  "twitch-link": "https://twitch.tv/m88esports",

  "discord-img": "./assets/img/footer/discord.svg",
  "facebook-img": "./assets/img/footer/facebook.svg",
  "instagram-img": "./assets/img/footer/instagram.svg",
  "twitter-img": "./assets/img/footer/twitter.svg",
  "youtube-img": "./assets/img/footer/youtube.svg",
  "twitch-img": "./assets/img/footer/twitch.svg",

  "responsible": "M88 มุ่งมั่นที่จะสนับสนุน <a href='https://help.m88.com/responsible-gaming/responsibleGaming.th-TH.asp' target='_blank'>การเล่นเกมอย่างรับผิดชอบ</a>"

}